Person_ID,Person_Name,Region
P001,Person_1,Central
P002,Person_2,South
P003,Person_3,East
P004,Person_4,Central
P005,Person_5,Central
P006,Person_6,South
P007,Person_7,East
P008,Person_8,East
P009,Person_9,Central
P010,Person_10,West
P011,Person_11,Central
P012,Person_12,Central
P013,Person_13,Central
P014,Person_14,Central
P015,Person_15,South
P016,Person_16,East
P017,Person_17,South
P018,Person_18,South
P019,Person_19,South
P020,Person_20,Central
P021,Person_21,West
P022,Person_22,East
P023,Person_23,West
P024,Person_24,South
P025,Person_25,South
P026,Person_26,West
P027,Person_27,West
P028,Person_28,West
P029,Person_29,South
P030,Person_30,South
P031,Person_31,East
P032,Person_32,East
P033,Person_33,South
P034,Person_34,West
P035,Person_35,West
P036,Person_36,East
P037,Person_37,South
P038,Person_38,East
P039,Person_39,East
P040,Person_40,Central
P041,Person_41,Central
P042,Person_42,Central
P043,Person_43,West
P044,Person_44,South
P045,Person_45,South
P046,Person_46,South
P047,Person_47,South
P048,Person_48,Central
P049,Person_49,West
P050,Person_50,West
P051,Person_51,Central
P052,Person_52,West
P053,Person_53,Central
P054,Person_54,South
P055,Person_55,Central
P056,Person_56,South
P057,Person_57,South
P058,Person_58,East
P059,Person_59,Central
P060,Person_60,East
P061,Person_61,Central
P062,Person_62,Central
P063,Person_63,East
P064,Person_64,East
P065,Person_65,Central
P066,Person_66,West
P067,Person_67,South
P068,Person_68,East
P069,Person_69,South
P070,Person_70,West
P071,Person_71,West
P072,Person_72,West
P073,Person_73,East
P074,Person_74,West
P075,Person_75,East
P076,Person_76,West
P077,Person_77,South
P078,Person_78,South
P079,Person_79,Central
P080,Person_80,South
P081,Person_81,Central
P082,Person_82,South
P083,Person_83,East
P084,Person_84,South
P085,Person_85,Central
P086,Person_86,Central
P087,Person_87,West
P088,Person_88,East
P089,Person_89,South
P090,Person_90,West
P091,Person_91,South
P092,Person_92,South
P093,Person_93,West
P094,Person_94,West
P095,Person_95,West
P096,Person_96,West
P097,Person_97,West
P098,Person_98,South
P099,Person_99,West
P100,Person_100,East
